timestamps,open,high,low,close,volume,amount
2025-12-01 00:00:00,3500.0,3504.19,3483.62,3484.8,52.5944,183680.7857
2025-12-01 00:05:00,3484.8,3491.71,3466.61,3476.74,36.4337,126817.2406
2025-12-01 00:10:00,3476.74,3497.98,3473.9,3494.34,31.4206,109517.8344
2025-12-01 00:15:00,3494.34,3517.88,3492.48,3515.19,36.5153,127977.4043
2025-12-01 00:20:00,3515.19,3555.51,3510.95,3546.2,35.7928,126373.4623
2025-12-01 00:25:00,3546.2,3563.03,3542.22,3556.66,47.6374,169181.194
2025-12-01 00:30:00,3556.66,3559.39,3534.97,3538.82,51.4302,182461.2283
2025-12-01 00:35:00,3538.82,3542.48,3535.76,3536.84,71.9788,254649.1413
2025-12-01 00:40:00,3536.84,3539.81,3507.87,3511.78,32.6045,114908.519
2025-12-01 00:45:00,3511.78,3514.72,3508.07,3511.82,34.2544,120294.6237
2025-12-01 00:50:00,3511.82,3519.1,3498.86,3500.51,38.6071,135362.7437
2025-12-01 00:55:00,3500.51,3505.3,3490.46,3505.25,36.1937,126782.013
2025-12-01 01:00:00,3505.25,3528.42,3499.8,3518.97,45.5818,160088.3205
2025-12-01 01:05:00,3518.97,3546.91,3518.84,3543.51,46.0397,162577.4771
2025-12-01 01:10:00,3543.51,3563.63,3537.15,3556.14,46.0409,163437.1915
2025-12-01 01:15:00,3556.14,3559.53,3543.81,3545.15,49.894,177155.7513
2025-12-01 01:20:00,3545.15,3568.7,3544.95,3565.25,33.4964,119086.2338
2025-12-01 01:25:00,3565.25,3566.1,3546.16,3548.16,42.4673,151043.6027
2025-12-01 01:30:00,3548.16,3569.35,3539.12,3564.65,45.5959,162157.4869
2025-12-01 01:35:00,3564.65,3565.19,3555.32,3558.9,54.0894,192654.4825
2025-12-01 01:40:00,3558.9,3579.73,3551.81,3576.77,42.1096,150240.1845
2025-12-01 01:45:00,3576.77,3581.43,3569.13,3572.27,48.1878,172248.3195
2025-12-01 01:50:00,3572.27,3602.8,3567.34,3602.09,49.0103,175808.5848
2025-12-01 01:55:00,3602.09,3609.79,3600.64,3604.7,45.4667,163834.4644
2025-12-01 02:00:00,3604.7,3610.6,3587.43,3589.06,35.6876,128364.1271
2025-12-01 02:05:00,3589.06,3606.82,3585.99,3598.28,68.9746,247871.674
2025-12-01 02:10:00,3598.28,3598.42,3597.15,3597.92,57.9296,208436.6018
2025-12-01 02:15:00,3597.92,3611.0,3596.08,3604.06,48.643,175163.0594
2025-12-01 02:20:00,3604.06,3606.22,3589.09,3593.46,34.1811,123009.4806
2025-12-01 02:25:00,3593.46,3594.89,3565.35,3573.75,60.3757,216362.5189
2025-12-01 02:30:00,3573.75,3576.12,3569.29,3569.81,41.2232,147240.2986
2025-12-01 02:35:00,3569.81,3593.94,3566.33,3592.78,37.4961,134284.5526
2025-12-01 02:40:00,3592.78,3602.03,3588.48,3599.6,46.5006,167225.046
2025-12-01 02:45:00,3599.6,3600.99,3585.43,3588.7,34.852,125263.4421
2025-12-01 02:50:00,3588.7,3596.48,3574.3,3580.82,35.31,126578.0383
2025-12-01 02:55:00,3580.82,3581.38,3563.6,3569.03,34.9915,125091.9758
2025-12-01 03:00:00,3569.03,3577.89,3567.08,3576.98,53.1682,189970.0081
2025-12-01 03:05:00,3576.98,3577.59,3572.46,3573.55,34.2559,122473.7091
2025-12-01 03:10:00,3573.55,3581.59,3549.02,3553.36,32.5191,115880.4854
2025-12-01 03:15:00,3553.36,3563.5,3547.49,3561.24,32.1476,114358.8181
2025-12-01 03:20:00,3561.24,3562.36,3560.66,3561.53,40.5671,144474.9557
2025-12-01 03:25:00,3561.53,3574.86,3555.01,3571.01,46.4254,165565.3888
2025-12-01 03:30:00,3571.01,3573.32,3566.51,3572.14,31.1268,111171.73
2025-12-01 03:35:00,3572.14,3572.45,3559.83,3561.56,52.0789,185757.6746
2025-12-01 03:40:00,3561.56,3568.55,3559.88,3565.93,32.0997,114395.0485
2025-12-01 03:45:00,3565.93,3573.52,3559.96,3567.27,35.384,126200.7562
2025-12-01 03:50:00,3567.27,3578.21,3557.09,3559.44,44.6709,159178.0836
2025-12-01 03:55:00,3559.44,3561.11,3553.63,3554.39,30.4495,108306.3001
2025-12-01 04:00:00,3554.39,3557.76,3553.55,3557.22,78.4658,279009.2545
2025-12-01 04:05:00,3557.22,3557.7,3551.94,3553.39,33.2692,118282.2628
2025-12-01 04:10:00,3553.39,3565.95,3544.01,3563.39,40.3245,143490.1879
2025-12-01 04:15:00,3563.39,3564.27,3562.93,3563.3,43.7296,155823.6586
2025-12-01 04:20:00,3563.3,3564.49,3559.47,3561.94,38.6953,137856.8643
2025-12-01 04:25:00,3561.94,3568.0,3555.17,3558.03,54.1829,192890.273
2025-12-01 04:30:00,3558.03,3572.36,3554.78,3570.78,30.0547,107126.9755
2025-12-01 04:35:00,3570.78,3573.14,3551.8,3552.84,35.4246,126175.7529
2025-12-01 04:40:00,3552.84,3572.51,3549.15,3566.44,50.6203,180190.1971
2025-12-01 04:45:00,3566.44,3566.97,3541.97,3548.79,41.308,146957.993
2025-12-01 04:50:00,3548.79,3549.08,3543.91,3545.28,36.5125,129511.1214
2025-12-01 04:55:00,3545.28,3560.76,3542.76,3559.93,32.9867,117188.6466
2025-12-01 05:00:00,3559.93,3565.26,3558.86,3564.07,44.6146,158917.1033
2025-12-01 05:05:00,3564.07,3571.65,3561.37,3570.28,62.2874,222190.0162
2025-12-01 05:10:00,3570.28,3571.84,3541.42,3549.36,42.5259,151384.4608
2025-12-01 05:15:00,3549.36,3556.56,3536.51,3539.67,31.2087,110619.8208
2025-12-01 05:20:00,3539.67,3548.52,3539.54,3548.03,74.3794,263589.4076
2025-12-01 05:25:00,3548.03,3548.71,3547.43,3547.95,38.7531,137495.3891
2025-12-01 05:30:00,3547.95,3563.51,3545.24,3562.0,34.269,121825.468
2025-12-01 05:35:00,3562.0,3581.17,3556.81,3579.37,49.8973,178167.4047
2025-12-01 05:40:00,3579.37,3602.16,3573.69,3599.53,40.0443,143736.8275
2025-12-01 05:45:00,3599.53,3623.9,3595.79,3617.74,40.0021,144352.9639
2025-12-01 05:50:00,3617.74,3622.88,3593.07,3599.63,36.9178,133224.7391
2025-12-01 05:55:00,3599.63,3602.58,3587.39,3594.52,48.8,175537.4805
2025-12-01 06:00:00,3594.52,3595.72,3570.8,3575.41,40.0248,143487.4083
2025-12-01 06:05:00,3575.41,3592.86,3567.16,3589.08,40.4368,144854.6375
2025-12-01 06:10:00,3589.08,3617.82,3588.39,3616.01,42.2964,152374.7899
2025-12-01 06:15:00,3616.01,3630.69,3613.15,3627.08,39.1669,141844.4986
2025-12-01 06:20:00,3627.08,3632.81,3621.92,3624.99,41.2591,149607.019
2025-12-01 06:25:00,3624.99,3630.51,3619.87,3629.96,40.2011,145828.2681
2025-12-01 06:30:00,3629.96,3632.74,3609.4,3615.36,31.9567,115768.1571
2025-12-01 06:35:00,3615.36,3618.27,3611.71,3611.77,40.293,145601.4618
2025-12-01 06:40:00,3611.77,3617.6,3598.33,3599.96,50.6959,182802.3191
2025-12-01 06:45:00,3599.96,3609.34,3592.37,3607.49,35.2291,126955.9459
2025-12-01 06:50:00,3607.49,3609.43,3604.08,3604.71,58.0309,209265.2117
2025-12-01 06:55:00,3604.71,3604.98,3596.79,3597.23,34.2394,123295.1669
2025-12-01 07:00:00,3597.23,3601.62,3591.45,3599.28,53.5388,192646.4463
2025-12-01 07:05:00,3599.28,3601.21,3587.89,3591.93,35.3499,127104.5024
2025-12-01 07:10:00,3591.93,3592.31,3564.56,3564.7,32.6963,116997.6731
2025-12-01 07:15:00,3564.7,3572.06,3548.49,3549.87,32.8245,116766.0273
2025-12-01 07:20:00,3549.87,3553.84,3531.9,3537.09,35.8997,127209.8186
2025-12-01 07:25:00,3537.09,3545.82,3515.56,3523.54,46.925,165660.0402
2025-12-01 07:30:00,3523.54,3526.39,3516.14,3517.89,40.1395,141319.5836
2025-12-01 07:35:00,3517.89,3518.14,3496.67,3504.0,44.5162,156293.7517
2025-12-01 07:40:00,3504.0,3510.75,3494.53,3509.88,38.8346,136190.5078
2025-12-01 07:45:00,3509.88,3526.33,3504.78,3525.76,40.3617,141985.1257
2025-12-01 07:50:00,3525.76,3527.29,3517.41,3519.01,46.7804,164778.6386
2025-12-01 07:55:00,3519.01,3534.39,3513.49,3530.12,43.2424,152410.7281
2025-12-01 08:00:00,3530.12,3530.59,3521.97,3525.24,41.1723,145242.6347
2025-12-01 08:05:00,3525.24,3531.72,3521.48,3528.78,47.416,167236.7376
2025-12-01 08:10:00,3528.78,3529.69,3519.88,3527.39,36.1127,127408.6448
2025-12-01 08:15:00,3527.39,3528.43,3522.56,3523.28,33.6604,118664.1082
2025-12-01 08:20:00,3523.28,3547.15,3521.2,3544.9,49.6375,175423.1115
2025-12-01 08:25:00,3544.9,3549.05,3537.32,3544.77,39.9879,141750.3235
2025-12-01 08:30:00,3544.77,3548.9,3543.14,3545.28,34.882,123657.4993
2025-12-01 08:35:00,3545.28,3547.33,3537.79,3542.1,55.6349,197152.8745
2025-12-01 08:40:00,3542.1,3552.84,3539.85,3552.42,66.6461,236411.3564
2025-12-01 08:45:00,3552.42,3559.66,3529.89,3532.81,46.2715,163922.297
2025-12-01 08:50:00,3532.81,3535.97,3525.83,3526.36,52.7546,186201.8371
2025-12-01 08:55:00,3526.36,3527.01,3513.24,3518.09,52.8025,185982.1332
2025-12-01 09:00:00,3518.09,3525.32,3514.27,3520.75,47.9998,168931.2796
2025-12-01 09:05:00,3520.75,3529.95,3513.2,3523.02,34.6518,122039.6935
2025-12-01 09:10:00,3523.02,3541.85,3521.33,3539.51,31.6568,111788.5772
2025-12-01 09:15:00,3539.51,3555.89,3534.18,3555.28,33.9298,120362.541
2025-12-01 09:20:00,3555.28,3578.73,3554.72,3578.45,48.9382,174555.7373
2025-12-01 09:25:00,3578.45,3581.19,3556.97,3558.37,31.5609,112622.2588
2025-12-01 09:30:00,3558.37,3567.58,3558.12,3560.73,45.9663,163619.4705
2025-12-01 09:35:00,3560.73,3566.92,3552.18,3560.17,38.981,138789.8426
2025-12-01 09:40:00,3560.17,3574.91,3556.19,3574.17,35.776,127619.0469
2025-12-01 09:45:00,3574.17,3590.33,3571.28,3587.69,52.3868,187593.6302
2025-12-01 09:50:00,3587.69,3606.14,3587.6,3601.85,38.7278,139217.3982
2025-12-01 09:55:00,3601.85,3605.09,3581.83,3592.35,49.6077,178443.6563
2025-12-01 10:00:00,3592.35,3593.41,3567.21,3578.51,48.8808,175258.5591
2025-12-01 10:05:00,3578.51,3595.64,3573.94,3587.1,45.4557,162858.6794
2025-12-01 10:10:00,3587.1,3621.87,3580.62,3619.39,33.4854,120655.8917
2025-12-01 10:15:00,3619.39,3620.51,3602.9,3607.45,38.5182,139182.3541
2025-12-01 10:20:00,3607.45,3614.96,3606.1,3614.85,32.1308,116028.901
2025-12-01 10:25:00,3614.85,3626.03,3613.7,3625.72,43.9438,159088.9649
2025-12-01 10:30:00,3625.72,3649.86,3621.41,3644.01,38.0167,138185.5959
2025-12-01 10:35:00,3644.01,3645.05,3617.4,3619.21,31.992,116182.4381
2025-12-01 10:40:00,3619.21,3648.94,3614.48,3647.16,38.5276,139977.6818
2025-12-01 10:45:00,3647.16,3651.75,3645.83,3649.35,33.6565,122787.3714
2025-12-01 10:50:00,3649.35,3652.53,3615.8,3618.37,35.2195,127982.4813
2025-12-01 10:55:00,3618.37,3620.16,3609.27,3611.88,46.9746,169818.9403
2025-12-01 11:00:00,3611.88,3624.35,3609.86,3621.8,51.2684,185429.5596
2025-12-01 11:05:00,3621.8,3628.54,3617.62,3628.18,56.7654,205773.8729
2025-12-01 11:10:00,3628.18,3651.72,3628.17,3651.23,39.4792,143692.7576
2025-12-01 11:15:00,3651.23,3657.59,3632.88,3634.94,48.3085,175992.1799
2025-12-01 11:20:00,3634.94,3641.5,3617.98,3630.13,53.8081,195459.8993
2025-12-01 11:25:00,3630.13,3634.0,3628.03,3628.33,31.4348,114084.1403
2025-12-01 11:30:00,3628.33,3636.01,3621.53,3626.57,40.2415,145973.9329
2025-12-01 11:35:00,3626.57,3642.68,3621.92,3642.37,35.1489,127747.4889
2025-12-01 11:40:00,3642.37,3643.36,3634.38,3640.82,30.0904,109577.1882
2025-12-01 11:45:00,3640.82,3671.56,3636.51,3665.81,37.5853,137310.8295
2025-12-01 11:50:00,3665.81,3673.04,3665.39,3669.45,33.5026,122874.8904
2025-12-01 11:55:00,3669.45,3689.93,3663.92,3688.98,44.6158,164150.8881
2025-12-01 12:00:00,3688.98,3689.71,3675.66,3684.19,32.8722,121186.1783
2025-12-01 12:05:00,3684.19,3689.49,3668.71,3673.01,32.4044,119202.7744
2025-12-01 12:10:00,3673.01,3675.98,3660.67,3661.37,54.9071,201354.8183
2025-12-01 12:15:00,3661.37,3675.86,3650.12,3669.99,30.5235,111889.5625
2025-12-01 12:20:00,3669.99,3680.49,3669.25,3673.41,34.1301,125315.58
2025-12-01 12:25:00,3673.41,3679.55,3660.13,3664.14,49.1036,180149.8549
2025-12-01 12:30:00,3664.14,3684.34,3662.98,3680.86,35.5841,130682.5299
2025-12-01 12:35:00,3680.86,3699.49,3672.21,3698.15,46.2552,170658.7296
2025-12-01 12:40:00,3698.15,3704.49,3696.91,3704.28,53.9388,199639.1374
2025-12-01 12:45:00,3704.28,3718.06,3701.9,3712.95,36.2343,134378.9246
2025-12-01 12:50:00,3712.95,3717.61,3703.24,3705.92,35.696,132411.7624
2025-12-01 12:55:00,3705.92,3710.61,3703.33,3706.4,33.5162,124216.433
2025-12-01 13:00:00,3706.4,3711.56,3698.99,3702.36,39.8157,147492.5821
2025-12-01 13:05:00,3702.36,3711.19,3697.15,3700.15,34.4374,127461.8332
2025-12-01 13:10:00,3700.15,3702.82,3662.83,3669.78,43.5988,160660.1706
2025-12-01 13:15:00,3669.78,3694.38,3669.35,3685.08,42.0139,154503.1726
2025-12-01 13:20:00,3685.08,3711.66,3682.32,3707.56,57.0665,210936.1557
2025-12-01 13:25:00,3707.56,3710.84,3704.0,3707.19,44.5883,165305.7579
2025-12-01 13:30:00,3707.19,3712.03,3696.73,3700.67,47.6141,176359.1366
2025-12-01 13:35:00,3700.67,3705.63,3697.2,3703.85,32.3454,119751.0192
2025-12-01 13:40:00,3703.85,3710.06,3694.13,3709.35,30.705,113811.2563
2025-12-01 13:45:00,3709.35,3712.68,3687.47,3690.48,39.0752,144574.9343
2025-12-01 13:50:00,3690.48,3693.04,3689.6,3690.35,54.6327,201617.5404
2025-12-01 13:55:00,3690.35,3722.34,3689.31,3714.69,52.2294,193380.2946
2025-12-01 14:00:00,3714.69,3734.68,3714.52,3732.82,39.4248,146808.2434
2025-12-01 14:05:00,3732.82,3740.12,3704.97,3708.86,35.2841,131286.3859
2025-12-01 14:10:00,3708.86,3724.57,3708.34,3722.08,34.6166,128617.0022
2025-12-01 14:15:00,3722.08,3723.36,3709.47,3711.07,46.248,171884.1642
2025-12-01 14:20:00,3711.07,3717.86,3704.05,3714.05,31.9134,118480.6462
2025-12-01 14:25:00,3714.05,3714.49,3706.82,3713.64,46.117,171271.4857
2025-12-01 14:30:00,3713.64,3733.26,3710.05,3729.58,44.2925,164839.3478
2025-12-01 14:35:00,3729.58,3734.4,3722.36,3730.15,35.7138,133207.7402
2025-12-01 14:40:00,3730.15,3733.61,3719.15,3726.41,37.4574,139651.6525
2025-12-01 14:45:00,3726.41,3745.43,3721.41,3736.71,38.2388,142690.3679
2025-12-01 14:50:00,3736.71,3737.42,3726.84,3727.78,34.5119,128806.964
2025-12-01 14:55:00,3727.78,3730.56,3714.2,3715.54,32.3237,120297.7404
2025-12-01 15:00:00,3715.54,3730.37,3712.1,3728.53,47.1443,175472.8533
2025-12-01 15:05:00,3728.53,3736.8,3721.06,3722.82,41.2109,153538.4094
2025-12-01 15:10:00,3722.82,3728.78,3721.78,3726.88,83.5737,311299.183
2025-12-01 15:15:00,3726.88,3727.05,3710.14,3720.97,46.594,173512.5426
2025-12-01 15:20:00,3720.97,3721.24,3710.4,3712.75,32.0802,119237.838
2025-12-01 15:25:00,3712.75,3712.94,3708.3,3708.53,32.3131,119902.2514
2025-12-01 15:30:00,3708.53,3714.35,3702.12,3706.04,43.3116,160568.5988
2025-12-01 15:35:00,3706.04,3711.63,3690.16,3695.18,38.3011,141737.3594
2025-12-01 15:40:00,3695.18,3720.75,3687.01,3717.71,46.5229,172434.4997
2025-12-01 15:45:00,3717.71,3722.06,3712.57,3715.93,48.9266,181851.0555
2025-12-01 15:50:00,3715.93,3740.55,3708.97,3734.24,58.8838,219347.1064
2025-12-01 15:55:00,3734.24,3738.9,3682.89,3692.5,30.5341,113384.2998
2025-12-01 16:00:00,3692.5,3697.35,3649.23,3659.47,35.1769,129309.522
2025-12-01 16:05:00,3659.47,3667.36,3658.39,3660.24,30.7216,112436.6341
2025-12-01 16:10:00,3660.24,3660.79,3631.54,3636.74,35.2239,128513.8899
2025-12-01 16:15:00,3636.74,3645.65,3627.77,3633.87,45.8654,166734.7309
2025-12-01 16:20:00,3633.87,3637.92,3621.24,3624.25,30.862,112000.0392
2025-12-01 16:25:00,3624.25,3624.8,3601.57,3607.46,41.61,150455.7621
2025-12-01 16:30:00,3607.46,3613.17,3592.16,3592.21,42.6847,153657.6493
2025-12-01 16:35:00,3592.21,3611.25,3589.85,3605.3,30.0011,107966.704
2025-12-01 16:40:00,3605.3,3613.99,3599.57,3603.56,32.5235,117228.6965
2025-12-01 16:45:00,3603.56,3609.03,3582.4,3584.53,37.7136,135544.3048
2025-12-01 16:50:00,3584.53,3592.54,3577.35,3581.37,35.7033,127923.1168
2025-12-01 16:55:00,3581.37,3588.37,3556.6,3561.09,32.2261,115086.8235
2025-12-01 17:00:00,3561.09,3561.9,3548.14,3553.26,37.0618,131835.3729
2025-12-01 17:05:00,3553.26,3571.84,3551.92,3564.11,31.7063,112832.9292
2025-12-01 17:10:00,3564.11,3570.63,3559.05,3565.59,46.3375,165186.0932
2025-12-01 17:15:00,3565.59,3569.9,3546.07,3548.12,46.1969,164315.8037
2025-12-01 17:20:00,3548.12,3553.09,3538.5,3542.15,30.2609,107278.8302
2025-12-01 17:25:00,3542.15,3566.48,3541.17,3562.67,36.745,130533.2805
2025-12-01 17:30:00,3562.67,3563.82,3558.9,3563.0,42.6291,151880.4966
2025-12-01 17:35:00,3563.0,3564.81,3555.03,3557.34,33.4653,119142.0634
2025-12-01 17:40:00,3557.34,3557.92,3535.72,3547.49,30.8041,109429.1331
2025-12-01 17:45:00,3547.49,3554.59,3541.12,3541.33,46.6385,165305.9891
2025-12-01 17:50:00,3541.33,3541.98,3528.67,3536.01,32.3619,114518.3607
2025-12-01 17:55:00,3536.01,3545.83,3534.35,3540.32,57.46,203303.0941
2025-12-01 18:00:00,3540.32,3564.05,3539.56,3562.63,32.4515,115250.8791
2025-12-01 18:05:00,3562.63,3579.16,3561.22,3578.76,52.7794,188459.2468
2025-12-01 18:10:00,3578.76,3583.45,3570.26,3573.8,51.43,183927.8375
2025-12-01 18:15:00,3573.8,3577.26,3569.63,3575.11,44.9694,160740.9128
2025-12-01 18:20:00,3575.11,3579.28,3561.58,3568.31,56.9083,203259.868
2025-12-01 18:25:00,3568.31,3572.13,3556.57,3564.52,30.8781,110123.9819
2025-12-01 18:30:00,3564.52,3570.59,3536.15,3536.83,40.5747,144067.6536
2025-12-01 18:35:00,3536.83,3547.74,3534.61,3546.48,33.5814,118933.8186
2025-12-01 18:40:00,3546.48,3548.04,3526.45,3530.79,33.1508,117308.6919
2025-12-01 18:45:00,3530.79,3540.35,3523.09,3538.57,33.7913,119441.2349
2025-12-01 18:50:00,3538.57,3539.07,3534.0,3534.44,64.0893,226652.0356
2025-12-01 18:55:00,3534.44,3535.71,3525.32,3525.35,41.9901,148220.6554
2025-12-01 19:00:00,3525.35,3526.86,3512.6,3515.98,37.6958,132714.2018
2025-12-01 19:05:00,3515.98,3519.76,3504.11,3508.39,44.0038,154549.4699
2025-12-01 19:10:00,3508.39,3517.37,3504.35,3514.38,34.7138,121893.4627
2025-12-01 19:15:00,3514.38,3520.35,3514.03,3514.71,33.7093,118472.6696
2025-12-01 19:20:00,3514.71,3516.76,3490.73,3494.84,45.1791,158342.5504
2025-12-01 19:25:00,3494.84,3504.22,3490.76,3492.26,33.4205,116756.3659
2025-12-01 19:30:00,3492.26,3501.86,3490.89,3499.04,45.193,157979.1698
2025-12-01 19:35:00,3499.04,3502.04,3450.11,3454.72,48.8128,169716.1539
2025-12-01 19:40:00,3454.72,3471.43,3451.5,3467.98,47.6709,165005.473
2025-12-01 19:45:00,3467.98,3471.14,3465.1,3469.39,41.6741,144554.1976
2025-12-01 19:50:00,3469.39,3478.66,3468.39,3475.95,60.7533,210975.9311
2025-12-01 19:55:00,3475.95,3482.43,3473.16,3480.07,30.6488,106596.6542
2025-12-01 20:00:00,3480.07,3485.21,3452.78,3454.12,34.6463,120121.944
2025-12-01 20:05:00,3454.12,3463.91,3452.71,3458.98,37.3467,129090.8319
2025-12-01 20:10:00,3458.98,3472.2,3451.84,3466.29,53.5266,185343.0875
2025-12-01 20:15:00,3466.29,3470.92,3465.35,3465.62,36.3438,125965.9385
2025-12-01 20:20:00,3465.62,3466.96,3459.45,3466.75,40.8148,141471.8704
2025-12-01 20:25:00,3466.75,3466.85,3459.35,3462.97,39.1469,135638.4347
2025-12-01 20:30:00,3462.97,3470.35,3452.17,3457.08,32.1897,111377.1867
2025-12-01 20:35:00,3457.08,3457.72,3430.51,3432.38,44.9888,154974.2629
2025-12-01 20:40:00,3432.38,3440.33,3412.56,3414.28,39.5214,135294.9583
2025-12-01 20:45:00,3414.28,3432.64,3412.36,3428.89,46.6715,159690.4981
2025-12-01 20:50:00,3428.89,3431.23,3415.68,3418.62,44.9907,154037.3411
2025-12-01 20:55:00,3418.62,3432.8,3417.79,3425.12,47.0137,160874.8603
2025-12-01 21:00:00,3425.12,3430.36,3411.78,3414.05,38.3081,130997.8437
2025-12-01 21:05:00,3414.05,3415.59,3403.54,3404.61,31.9268,108848.9799
2025-12-01 21:10:00,3404.61,3437.47,3404.55,3434.0,35.7358,122191.7208
2025-12-01 21:15:00,3434.0,3434.66,3427.69,3428.9,42.9064,147231.1689
2025-12-01 21:20:00,3428.9,3435.47,3425.02,3430.6,33.0457,113338.3276
2025-12-01 21:25:00,3430.6,3431.37,3416.06,3420.51,47.8678,163973.9011
2025-12-01 21:30:00,3420.51,3426.93,3419.68,3425.43,41.5807,142329.4353
2025-12-01 21:35:00,3425.43,3442.08,3422.72,3434.83,40.6693,139501.1664
2025-12-01 21:40:00,3434.83,3437.99,3419.54,3422.64,40.2039,137848.8509
2025-12-01 21:45:00,3422.64,3423.93,3400.04,3403.25,31.0558,105991.6513
2025-12-01 21:50:00,3403.25,3404.29,3392.36,3396.48,33.679,114503.8909
2025-12-01 21:55:00,3396.48,3405.15,3388.46,3401.77,61.3815,208643.3707
2025-12-01 22:00:00,3401.77,3409.03,3393.91,3406.13,42.6245,145091.5383
2025-12-01 22:05:00,3406.13,3425.89,3405.27,3424.28,30.9612,105738.6717
2025-12-01 22:10:00,3424.28,3433.85,3422.86,3430.23,35.1865,120593.2305
2025-12-01 22:15:00,3430.23,3448.19,3426.43,3447.51,42.33,145567.3765
2025-12-01 22:20:00,3447.51,3472.75,3445.84,3469.67,61.7182,213458.209
2025-12-01 22:25:00,3469.67,3474.59,3468.42,3469.67,51.7675,179616.3417
2025-12-01 22:30:00,3469.67,3472.63,3468.24,3471.89,34.2848,118994.8434
2025-12-01 22:35:00,3471.89,3472.89,3436.52,3439.08,33.8901,117106.7744
2025-12-01 22:40:00,3439.08,3453.07,3435.91,3452.54,64.0966,220864.4459
2025-12-01 22:45:00,3452.54,3460.58,3449.81,3451.21,55.8884,192919.4476
2025-12-01 22:50:00,3451.21,3465.08,3448.32,3459.64,34.8046,120264.7905
2025-12-01 22:55:00,3459.64,3466.19,3447.6,3450.72,34.267,118398.8824
2025-12-01 23:00:00,3450.72,3454.01,3448.85,3453.55,39.1999,135323.3234
2025-12-01 23:05:00,3453.55,3475.25,3451.06,3474.62,36.5035,126451.1711
2025-12-01 23:10:00,3474.62,3489.36,3469.95,3479.83,30.4712,105955.1495
2025-12-01 23:15:00,3479.83,3490.01,3454.49,3461.42,35.1885,122126.1087
2025-12-01 23:20:00,3461.42,3486.36,3460.13,3484.35,38.2822,132949.4739
2025-12-01 23:25:00,3484.35,3497.08,3483.85,3493.73,40.368,140845.3946
2025-12-01 23:30:00,3493.73,3494.1,3488.15,3489.43,44.547,155539.198
2025-12-01 23:35:00,3489.43,3511.89,3488.1,3506.02,33.9836,118865.4552
2025-12-01 23:40:00,3506.02,3508.29,3499.72,3503.53,31.3279,109797.2332
2025-12-01 23:45:00,3503.53,3509.92,3491.84,3507.21,36.051,126372.3411
2025-12-01 23:50:00,3507.21,3516.31,3505.0,3512.07,37.7753,132577.7222
2025-12-01 23:55:00,3512.07,3535.58,3505.2,3528.96,68.3384,240586.2999
2025-12-02 00:00:00,3528.96,3539.15,3522.65,3535.7,40.4184,142771.1022
2025-12-02 00:05:00,3535.7,3552.2,3534.93,3550.66,33.493,118671.8606
2025-12-02 00:10:00,3550.66,3559.11,3550.54,3557.86,30.5446,108563.5129
2025-12-02 00:15:00,3557.86,3559.24,3535.22,3542.89,55.9794,198747.8807
2025-12-02 00:20:00,3542.89,3545.31,3519.11,3521.96,36.1577,127724.1806
2025-12-02 00:25:00,3521.96,3527.54,3506.51,3508.38,35.2501,123910.2584
2025-12-02 00:30:00,3508.38,3510.95,3500.91,3506.16,35.2607,123668.9548
2025-12-02 00:35:00,3506.16,3525.04,3504.27,3521.12,58.1921,204466.1935
2025-12-02 00:40:00,3521.12,3524.2,3507.15,3511.86,39.0666,137377.0945
2025-12-02 00:45:00,3511.86,3534.88,3508.26,3531.78,38.6377,136075.0491
2025-12-02 00:50:00,3531.78,3560.42,3528.52,3559.39,50.1865,177940.6395
2025-12-02 00:55:00,3559.39,3565.18,3555.65,3564.03,51.3782,182994.1214
2025-12-02 01:00:00,3564.03,3580.65,3558.33,3579.88,44.8339,160144.4573
2025-12-02 01:05:00,3579.88,3584.97,3569.27,3571.04,39.4876,141186.2951
2025-12-02 01:10:00,3571.04,3579.56,3567.35,3576.42,32.1149,114769.9009
2025-12-02 01:15:00,3576.42,3591.11,3571.36,3589.78,48.5034,173792.7949
2025-12-02 01:20:00,3589.78,3590.17,3565.32,3574.61,40.1143,143697.2408
2025-12-02 01:25:00,3574.61,3574.93,3558.41,3559.36,38.5303,137436.7925
2025-12-02 01:30:00,3559.36,3568.76,3558.08,3568.09,48.9039,174279.6897
2025-12-02 01:35:00,3568.09,3572.21,3540.21,3543.69,42.7152,151890.4564
2025-12-02 01:40:00,3543.69,3545.76,3528.71,3533.36,43.7406,154777.1
2025-12-02 01:45:00,3533.36,3533.81,3517.04,3518.95,33.6,118478.8344
2025-12-02 01:50:00,3518.95,3540.19,3518.29,3537.33,35.8985,126654.6478
2025-12-02 01:55:00,3537.33,3545.46,3533.38,3540.88,40.9517,144932.1068
2025-12-02 02:00:00,3540.88,3547.46,3527.91,3532.89,33.1897,117388.357
2025-12-02 02:05:00,3532.89,3542.1,3532.13,3535.34,32.3942,114484.9503
2025-12-02 02:10:00,3535.34,3552.93,3533.5,3551.54,34.4664,122129.746
2025-12-02 02:15:00,3551.54,3561.32,3549.76,3555.36,51.5233,183085.5128
2025-12-02 02:20:00,3555.36,3569.19,3555.08,3567.08,39.8916,142062.8352
2025-12-02 02:25:00,3567.08,3573.84,3551.97,3553.6,38.0688,135537.9369
2025-12-02 02:30:00,3553.6,3559.45,3552.1,3555.13,30.6726,109021.6658
2025-12-02 02:35:00,3555.13,3578.86,3554.71,3574.01,46.5457,165915.4808
2025-12-02 02:40:00,3574.01,3574.7,3559.47,3561.04,54.8664,195737.1517
2025-12-02 02:45:00,3561.04,3561.31,3532.58,3537.1,31.752,112690.1385
2025-12-02 02:50:00,3537.1,3544.23,3534.85,3542.51,32.9794,116740.7318
2025-12-02 02:55:00,3542.51,3544.29,3537.2,3539.97,32.0775,113594.2163
2025-12-02 03:00:00,3539.97,3567.68,3537.62,3562.25,62.3916,221559.3855
2025-12-02 03:05:00,3562.25,3566.46,3539.07,3541.1,33.5227,119061.4519
2025-12-02 03:10:00,3541.1,3543.3,3528.11,3532.17,48.1444,170269.0309
2025-12-02 03:15:00,3532.17,3539.22,3519.69,3520.67,54.9792,193879.687
2025-12-02 03:20:00,3520.67,3522.87,3506.83,3515.52,35.5263,124984.7539
2025-12-02 03:25:00,3515.52,3534.23,3514.21,3533.13,33.1638,116880.1547
2025-12-02 03:30:00,3533.13,3538.11,3526.13,3527.72,35.0444,123721.8044
2025-12-02 03:35:00,3527.72,3529.18,3510.4,3519.14,31.0125,109270.3553
2025-12-02 03:40:00,3519.14,3540.01,3515.75,3537.8,34.3469,121192.1022
2025-12-02 03:45:00,3537.8,3540.56,3525.55,3532.09,38.6193,136517.2436
2025-12-02 03:50:00,3532.09,3544.37,3526.53,3543.21,31.0215,109743.2035
2025-12-02 03:55:00,3543.21,3544.72,3537.41,3541.09,38.5476,136541.447
2025-12-02 04:00:00,3541.09,3545.32,3535.07,3537.88,41.8436,148104.8616
2025-12-02 04:05:00,3537.88,3540.66,3526.06,3526.3,41.9444,148151.745
2025-12-02 04:10:00,3526.3,3529.09,3509.51,3510.29,36.8143,129523.4472
2025-12-02 04:15:00,3510.29,3515.78,3509.32,3511.23,34.8413,122319.4729
2025-12-02 04:20:00,3511.23,3514.58,3501.49,3504.84,37.9772,133225.288
2025-12-02 04:25:00,3504.84,3539.65,3503.72,3535.88,40.7115,143319.3151
2025-12-02 04:30:00,3535.88,3538.88,3525.33,3528.73,35.6866,126055.9801
2025-12-02 04:35:00,3528.73,3530.86,3523.75,3526.9,42.7607,150851.841
2025-12-02 04:40:00,3526.9,3537.66,3523.35,3534.62,41.103,145124.7602
2025-12-02 04:45:00,3534.62,3541.22,3532.39,3540.33,33.9544,120112.9281
2025-12-02 04:50:00,3540.33,3554.13,3540.12,3551.22,56.2144,199323.7124
2025-12-02 04:55:00,3551.22,3559.34,3545.6,3554.92,37.7807,134237.5466
2025-12-02 05:00:00,3554.92,3559.8,3553.63,3557.91,64.0655,227843.5
2025-12-02 05:05:00,3557.91,3558.77,3552.36,3555.15,31.3082,111348.4533
2025-12-02 05:10:00,3555.15,3570.38,3551.9,3569.19,36.65,130553.2989
2025-12-02 05:15:00,3569.19,3578.58,3568.24,3578.4,34.0655,121743.2385
2025-12-02 05:20:00,3578.4,3592.84,3575.28,3587.05,44.9704,161116.5331
2025-12-02 05:25:00,3587.05,3598.14,3584.87,3597.69,41.6487,149617.5106
2025-12-02 05:30:00,3597.69,3614.5,3595.13,3609.74,37.9899,136904.6602
2025-12-02 05:35:00,3609.74,3617.55,3606.45,3615.61,57.559,207941.8849
2025-12-02 05:40:00,3615.61,3627.69,3611.05,3626.85,33.0007,119503.3173
2025-12-02 05:45:00,3626.85,3657.65,3624.2,3653.52,43.2901,157583.8957
2025-12-02 05:50:00,3653.52,3656.77,3648.93,3651.67,61.1931,223513.609
2025-12-02 05:55:00,3651.67,3657.31,3645.43,3646.54,40.5135,147838.0686
2025-12-02 06:00:00,3646.54,3647.25,3620.6,3622.87,42.7128,155248.2168
2025-12-02 06:05:00,3622.87,3624.94,3613.67,3615.21,55.8182,202008.3452
2025-12-02 06:10:00,3615.21,3619.62,3595.69,3599.47,33.3142,120175.555
2025-12-02 06:15:00,3599.47,3610.42,3589.22,3609.19,31.6814,114190.3033
2025-12-02 06:20:00,3609.19,3611.76,3601.86,3610.35,33.9473,122542.0159
2025-12-02 06:25:00,3610.35,3620.21,3608.22,3613.7,32.8407,118621.6445
2025-12-02 06:30:00,3613.7,3615.99,3612.06,3614.57,40.2336,145409.5664
2025-12-02 06:35:00,3614.57,3639.65,3609.33,3638.07,43.1449,156457.1021
2025-12-02 06:40:00,3638.07,3646.37,3636.59,3645.88,33.2609,121135.355
2025-12-02 06:45:00,3645.88,3675.84,3640.92,3672.67,53.2458,194841.2793
2025-12-02 06:50:00,3672.67,3677.81,3667.29,3667.92,30.9354,113542.1403
2025-12-02 06:55:00,3667.92,3675.03,3664.42,3666.83,51.6533,189432.0882
2025-12-02 07:00:00,3666.83,3670.56,3656.12,3656.49,46.3903,169865.7791
2025-12-02 07:05:00,3656.49,3678.52,3653.01,3671.09,33.237,121773.5538
2025-12-02 07:10:00,3671.09,3671.27,3647.82,3649.95,56.2936,206063.9504
2025-12-02 07:15:00,3649.95,3679.93,3647.64,3672.69,33.6775,123303.9582
2025-12-02 07:20:00,3672.69,3675.84,3641.88,3648.24,35.4831,129884.42
2025-12-02 07:25:00,3648.24,3653.06,3636.52,3638.07,47.7732,174044.9068
2025-12-02 07:30:00,3638.07,3643.81,3636.69,3642.56,40.9601,149107.8164
2025-12-02 07:35:00,3642.56,3644.99,3622.05,3623.05,36.9647,134285.7091
2025-12-02 07:40:00,3623.05,3624.0,3612.35,3618.61,39.0088,141244.0489
2025-12-02 07:45:00,3618.61,3621.84,3612.77,3614.08,60.6993,219509.7085
2025-12-02 07:50:00,3614.08,3616.95,3585.76,3589.68,40.0751,144345.7537
2025-12-02 07:55:00,3589.68,3599.85,3585.51,3597.14,39.0157,140199.4756
2025-12-02 08:00:00,3597.14,3601.23,3581.69,3583.89,34.2244,122883.1232
2025-12-02 08:05:00,3583.89,3589.69,3552.36,3557.01,40.3762,144161.0173
2025-12-02 08:10:00,3557.01,3562.5,3535.05,3539.68,30.2994,107512.8952
2025-12-02 08:15:00,3539.68,3543.61,3527.94,3532.89,55.2747,195467.1968
2025-12-02 08:20:00,3532.89,3541.88,3531.69,3535.41,31.6246,111766.0651
2025-12-02 08:25:00,3535.41,3542.18,3533.29,3537.27,40.6454,143735.7675
2025-12-02 08:30:00,3537.27,3544.45,3533.25,3534.81,52.7252,186438.3288
2025-12-02 08:35:00,3534.81,3535.37,3520.09,3523.34,33.8051,119300.9273
2025-12-02 08:40:00,3523.34,3530.23,3519.44,3520.15,38.7987,136639.1552
2025-12-02 08:45:00,3520.15,3535.96,3519.89,3534.41,52.4266,184923.3887
2025-12-02 08:50:00,3534.41,3568.62,3534.27,3562.19,31.8726,113093.5377
2025-12-02 08:55:00,3562.19,3566.61,3518.06,3520.43,42.1922,149415.5906
2025-12-02 09:00:00,3520.43,3522.42,3509.52,3514.73,41.6701,146578.1097
2025-12-02 09:05:00,3514.73,3537.1,3513.94,3532.33,34.8998,122970.3909
2025-12-02 09:10:00,3532.33,3535.31,3515.49,3517.47,34.2683,120792.3229
2025-12-02 09:15:00,3517.47,3545.46,3514.93,3540.56,48.2349,170221.798
2025-12-02 09:20:00,3540.56,3545.09,3530.57,3532.8,38.1898,135065.1267
2025-12-02 09:25:00,3532.8,3534.25,3522.56,3524.8,44.7875,158045.9965
2025-12-02 09:30:00,3524.8,3550.58,3522.56,3545.01,32.2053,113842.5321
2025-12-02 09:35:00,3545.01,3546.01,3528.26,3528.37,36.0594,127530.7742
2025-12-02 09:40:00,3528.37,3532.74,3517.42,3521.26,35.9868,126846.8164
2025-12-02 09:45:00,3521.26,3522.11,3501.65,3503.26,49.7359,174685.5311
2025-12-02 09:50:00,3503.26,3505.61,3475.56,3478.01,36.9986,129148.7134
2025-12-02 09:55:00,3478.01,3501.19,3477.14,3491.33,42.7608,149007.3117
2025-12-02 10:00:00,3491.33,3507.33,3488.48,3505.02,35.1932,123111.9763
2025-12-02 10:05:00,3505.02,3507.43,3489.03,3507.14,46.9076,164461.6148
2025-12-02 10:10:00,3507.14,3509.84,3488.98,3495.03,45.6994,159997.3593
2025-12-02 10:15:00,3495.03,3500.43,3490.17,3492.87,35.8711,125331.5733
2025-12-02 10:20:00,3492.87,3521.14,3490.45,3518.48,42.0666,147471.6226
2025-12-02 10:25:00,3518.48,3524.86,3507.22,3509.25,34.5582,121432.8421
2025-12-02 10:30:00,3509.25,3521.26,3504.94,3507.0,32.2572,113162.1244
2025-12-02 10:35:00,3507.0,3511.36,3498.75,3505.14,32.7178,114710.8469
2025-12-02 10:40:00,3505.14,3507.38,3461.88,3465.41,50.7335,176819.9006
2025-12-02 10:45:00,3465.41,3476.47,3458.27,3473.81,40.1756,139393.5614
2025-12-02 10:50:00,3473.81,3496.49,3473.24,3494.29,42.0834,146620.7863
2025-12-02 10:55:00,3494.29,3496.27,3478.48,3481.24,44.3625,154726.2149
2025-12-02 11:00:00,3481.24,3488.5,3475.45,3484.24,48.3818,168501.3268
2025-12-02 11:05:00,3484.24,3492.23,3484.02,3484.54,52.401,182585.6793
2025-12-02 11:10:00,3484.54,3503.01,3475.54,3502.44,32.1779,112413.2611
2025-12-02 11:15:00,3502.44,3510.21,3487.36,3505.68,47.233,165507.4203
2025-12-02 11:20:00,3505.68,3513.78,3491.81,3499.02,38.1801,133720.1033
2025-12-02 11:25:00,3499.02,3506.56,3495.78,3504.79,35.6062,124689.4779
2025-12-02 11:30:00,3504.79,3510.06,3495.76,3499.93,46.383,162449.8349
2025-12-02 11:35:00,3499.93,3521.79,3499.18,3514.25,32.4346,113751.0105
2025-12-02 11:40:00,3514.25,3518.28,3513.18,3514.03,36.8689,129562.6145
2025-12-02 11:45:00,3514.03,3518.17,3506.15,3511.23,45.31,159157.2681
2025-12-02 11:50:00,3511.23,3519.77,3478.9,3483.75,58.2815,203838.6552
2025-12-02 11:55:00,3483.75,3486.31,3466.37,3472.47,36.9735,128597.8375
2025-12-02 12:00:00,3472.47,3484.0,3471.61,3476.53,54.7319,190166.1232
2025-12-02 12:05:00,3476.53,3479.7,3471.92,3472.17,39.5161,137292.6946
2025-12-02 12:10:00,3472.17,3476.9,3452.81,3453.61,40.3093,139586.552
2025-12-02 12:15:00,3453.61,3475.16,3447.43,3473.19,32.7994,113597.4414
2025-12-02 12:20:00,3473.19,3477.04,3456.3,3462.15,39.2808,136212.7529
2025-12-02 12:25:00,3462.15,3462.23,3451.71,3452.07,32.4764,112274.6179
2025-12-02 12:30:00,3452.07,3459.94,3442.43,3446.46,37.9799,131002.9567
2025-12-02 12:35:00,3446.46,3451.33,3445.69,3446.85,35.7191,123111.4032
2025-12-02 12:40:00,3446.85,3452.11,3434.54,3436.38,36.3637,125149.7066
2025-12-02 12:45:00,3436.38,3449.65,3433.81,3447.38,35.7312,122982.4206
2025-12-02 12:50:00,3447.38,3448.53,3417.25,3423.13,50.5382,173611.5704
2025-12-02 12:55:00,3423.13,3428.35,3418.71,3422.94,31.378,107408.1501
2025-12-02 13:00:00,3422.94,3427.91,3422.17,3426.55,52.2325,178882.7211
2025-12-02 13:05:00,3426.55,3437.39,3405.85,3412.4,41.8749,143190.254
2025-12-02 13:10:00,3412.4,3430.41,3411.52,3427.72,35.7052,122113.9451
2025-12-02 13:15:00,3427.72,3428.08,3409.65,3412.09,41.615,142319.3233
2025-12-02 13:20:00,3412.09,3413.37,3401.49,3406.9,30.0473,102446.0803
2025-12-02 13:25:00,3406.9,3407.49,3396.29,3401.03,39.6227,134874.0962
2025-12-02 13:30:00,3401.03,3403.61,3396.11,3396.94,33.2054,112864.7696
2025-12-02 13:35:00,3396.94,3419.69,3394.68,3410.99,43.3738,147643.1383
2025-12-02 13:40:00,3410.99,3424.17,3406.92,3419.08,32.3694,110542.6277
2025-12-02 13:45:00,3419.08,3434.38,3418.8,3430.5,52.7921,180801.6933
2025-12-02 13:50:00,3430.5,3431.31,3418.15,3419.67,32.9266,112776.3469
2025-12-02 13:55:00,3419.67,3426.33,3419.65,3425.22,37.5687,128576.8886
2025-12-02 14:00:00,3425.22,3426.01,3398.42,3400.22,50.7326,173136.046
2025-12-02 14:05:00,3400.22,3405.91,3395.35,3398.42,38.1059,129534.0465
2025-12-02 14:10:00,3398.42,3399.56,3395.83,3397.27,58.0471,197235.3014
2025-12-02 14:15:00,3397.27,3424.58,3393.57,3420.75,34.5609,117818.7053
2025-12-02 14:20:00,3420.75,3424.47,3414.1,3420.94,47.4789,162417.9867
2025-12-02 14:25:00,3420.94,3426.62,3400.84,3401.0,38.9669,132914.8195
2025-12-02 14:30:00,3401.0,3404.86,3386.09,3387.72,43.1122,146338.2612
2025-12-02 14:35:00,3387.72,3389.29,3374.65,3376.73,37.9167,128242.6617
2025-12-02 14:40:00,3376.73,3384.42,3370.01,3381.84,50.01,168997.9006
2025-12-02 14:45:00,3381.84,3397.66,3381.39,3393.61,56.4474,191228.1687
2025-12-02 14:50:00,3393.61,3406.83,3388.2,3399.0,38.2455,129893.2502
2025-12-02 14:55:00,3399.0,3406.45,3398.46,3402.7,34.0924,115943.1289
2025-12-02 15:00:00,3402.7,3407.52,3399.28,3405.18,32.8867,111944.556
2025-12-02 15:05:00,3405.18,3421.01,3403.16,3416.22,46.9793,160232.4586
2025-12-02 15:10:00,3416.22,3417.89,3390.87,3394.99,42.665,145300.1515
2025-12-02 15:15:00,3394.99,3399.11,3382.43,3391.08,30.9348,104962.9963
2025-12-02 15:20:00,3391.08,3395.21,3385.18,3389.51,55.5241,188243.1133
2025-12-02 15:25:00,3389.51,3394.75,3389.48,3392.17,39.3544,133444.6048
2025-12-02 15:30:00,3392.17,3398.96,3388.5,3395.43,40.4624,137321.1137
2025-12-02 15:35:00,3395.43,3397.42,3394.63,3397.31,49.6838,168744.6965
2025-12-02 15:40:00,3397.31,3414.05,3393.82,3413.45,47.6527,162275.7736
2025-12-02 15:45:00,3413.45,3419.99,3411.5,3417.38,35.8004,122273.3185
2025-12-02 15:50:00,3417.38,3428.81,3413.29,3427.95,63.5086,217368.6844
2025-12-02 15:55:00,3427.95,3437.07,3414.55,3424.84,42.6398,146100.8799
2025-12-02 16:00:00,3424.84,3435.86,3424.13,3430.57,47.8553,164033.9
2025-12-02 16:05:00,3430.57,3448.08,3425.78,3447.27,43.6951,150263.7289
2025-12-02 16:10:00,3447.27,3447.84,3429.94,3433.84,46.381,159576.4511
2025-12-02 16:15:00,3433.84,3436.43,3422.72,3429.06,37.0857,127257.9303
2025-12-02 16:20:00,3429.06,3454.77,3426.31,3449.21,32.1275,110490.9861
2025-12-02 16:25:00,3449.21,3461.0,3448.52,3460.9,31.3257,108232.2435
2025-12-02 16:30:00,3460.9,3463.92,3445.74,3450.17,41.6377,143880.4024
2025-12-02 16:35:00,3450.17,3453.16,3425.19,3436.91,32.3413,111368.3205
2025-12-02 16:40:00,3436.91,3442.92,3431.5,3439.51,52.3532,180001.2848
2025-12-02 16:45:00,3439.51,3454.98,3439.21,3453.06,31.579,108830.3149
2025-12-02 16:50:00,3453.06,3456.75,3445.7,3446.85,42.1672,145474.8603
2025-12-02 16:55:00,3446.85,3446.93,3426.89,3429.48,46.4388,159664.402
2025-12-02 17:00:00,3429.48,3442.47,3423.11,3436.25,45.5129,156239.9055
2025-12-02 17:05:00,3436.25,3441.48,3434.24,3438.49,53.4905,183866.6619
2025-12-02 17:10:00,3438.49,3463.97,3434.4,3460.56,34.648,119518.9164
2025-12-02 17:15:00,3460.56,3470.46,3459.87,3465.3,30.2336,104696.7031
2025-12-02 17:20:00,3465.3,3468.08,3455.35,3456.24,32.7897,113477.4995
2025-12-02 17:25:00,3456.24,3456.44,3445.28,3449.75,32.4133,111923.0568
2025-12-02 17:30:00,3449.75,3452.64,3433.8,3441.43,42.6855,147076.8253
2025-12-02 17:35:00,3441.43,3442.92,3419.4,3426.02,30.2036,103710.6861
2025-12-02 17:40:00,3426.02,3430.96,3397.23,3401.7,42.9156,146507.673
2025-12-02 17:45:00,3401.7,3403.53,3379.13,3381.02,35.8874,121707.05
2025-12-02 17:50:00,3381.02,3382.07,3356.56,3359.01,47.98,161693.252
2025-12-02 17:55:00,3359.01,3360.46,3355.88,3356.32,39.9967,134295.3894
2025-12-02 18:00:00,3356.32,3359.01,3341.15,3346.01,57.5334,192803.8877
2025-12-02 18:05:00,3346.01,3369.37,3343.69,3367.21,42.1125,141354.9693
2025-12-02 18:10:00,3367.21,3378.2,3365.49,3375.15,38.1788,128707.6836
2025-12-02 18:15:00,3375.15,3381.38,3373.28,3377.95,46.4453,156824.9293
2025-12-02 18:20:00,3377.95,3379.61,3365.26,3366.09,32.3591,109115.5233
2025-12-02 18:25:00,3366.09,3369.3,3345.46,3352.93,37.9305,127428.0854
2025-12-02 18:30:00,3352.93,3362.33,3340.59,3359.73,50.2391,168619.1859
2025-12-02 18:35:00,3359.73,3360.41,3354.66,3354.99,42.2062,141701.3366
2025-12-02 18:40:00,3354.99,3373.52,3353.4,3372.21,44.8136,150734.8294
2025-12-02 18:45:00,3372.21,3378.22,3372.06,3373.13,30.4807,102801.2874
2025-12-02 18:50:00,3373.13,3374.51,3372.18,3374.02,44.5928,150437.2014
2025-12-02 18:55:00,3374.02,3397.25,3365.45,3394.66,37.4633,126788.6453
2025-12-02 19:00:00,3394.66,3398.51,3390.17,3391.52,47.2941,160473.1314
2025-12-02 19:05:00,3391.52,3420.05,3388.32,3419.98,44.4295,151315.6978
2025-12-02 19:10:00,3419.98,3445.26,3419.58,3434.76,32.7279,112170.7034
2025-12-02 19:15:00,3434.76,3440.11,3434.03,3437.02,34.0328,116932.937
2025-12-02 19:20:00,3437.02,3440.22,3426.07,3427.18,44.9832,154386.7979
2025-12-02 19:25:00,3427.18,3427.65,3397.56,3402.31,39.9272,136341.1098
2025-12-02 19:30:00,3402.31,3403.96,3395.34,3402.07,40.3446,137259.9983
2025-12-02 19:35:00,3402.07,3429.77,3399.16,3424.9,56.3147,192229.3834
2025-12-02 19:40:00,3424.9,3428.29,3408.77,3415.07,49.6161,169686.3882
2025-12-02 19:45:00,3415.07,3415.27,3405.63,3407.03,37.5621,128126.09
2025-12-02 19:50:00,3407.03,3430.58,3406.56,3428.39,50.1945,171550.2132
2025-12-02 19:55:00,3428.39,3444.11,3427.62,3439.06,44.3735,152366.4703
2025-12-02 20:00:00,3439.06,3453.69,3436.17,3450.22,32.1879,110875.636
2025-12-02 20:05:00,3450.22,3454.77,3448.22,3454.39,38.0285,131286.0546
2025-12-02 20:10:00,3454.39,3458.36,3451.55,3456.23,34.6044,119568.7173
2025-12-02 20:15:00,3456.23,3467.4,3454.04,3459.42,32.021,110723.0953
2025-12-02 20:20:00,3459.42,3462.51,3455.97,3456.37,39.5607,136796.7154
2025-12-02 20:25:00,3456.37,3468.62,3454.41,3463.44,36.9844,127962.3924
2025-12-02 20:30:00,3463.44,3477.97,3458.9,3474.48,32.502,112748.0341
2025-12-02 20:35:00,3474.48,3509.48,3471.94,3502.11,50.5383,176292.4602
2025-12-02 20:40:00,3502.11,3515.33,3497.29,3511.88,37.9479,133083.2232
2025-12-02 20:45:00,3511.88,3515.18,3490.88,3491.46,36.1817,126696.2693
2025-12-02 20:50:00,3491.46,3513.29,3488.28,3512.74,38.9758,136497.3363
2025-12-02 20:55:00,3512.74,3513.66,3502.07,3504.68,38.5179,135148.3405
2025-12-02 21:00:00,3504.68,3508.17,3482.94,3486.13,35.6656,124665.6216
2025-12-02 21:05:00,3486.13,3488.13,3465.06,3469.57,30.1466,104845.2368
2025-12-02 21:10:00,3469.57,3491.65,3467.86,3491.06,43.882,152723.3009
2025-12-02 21:15:00,3491.06,3499.57,3488.05,3497.19,53.7016,187639.9445
2025-12-02 21:20:00,3497.19,3497.67,3476.44,3479.42,33.5111,116896.704
2025-12-02 21:25:00,3479.42,3481.94,3447.99,3453.71,36.6488,127045.2718
2025-12-02 21:30:00,3453.71,3465.81,3449.89,3450.33,39.9882,138039.9252
2025-12-02 21:35:00,3450.33,3451.1,3438.63,3447.99,46.8816,161702.1077
2025-12-02 21:40:00,3447.99,3459.51,3445.35,3448.8,37.7952,130332.625
2025-12-02 21:45:00,3448.8,3450.45,3426.6,3427.05,30.9119,106272.9288
2025-12-02 21:50:00,3427.05,3433.29,3422.64,3432.13,35.7502,122608.5879
2025-12-02 21:55:00,3432.13,3438.1,3428.83,3432.22,58.2432,199900.9615
2025-12-02 22:00:00,3432.22,3438.56,3422.74,3436.38,52.8136,181377.8307
2025-12-02 22:05:00,3436.38,3446.26,3435.48,3441.05,52.3086,179874.4401
2025-12-02 22:10:00,3441.05,3443.41,3421.11,3429.06,34.6585,119053.7311
2025-12-02 22:15:00,3429.06,3448.24,3426.75,3441.3,60.3646,207363.0056
2025-12-02 22:20:00,3441.3,3441.91,3425.82,3430.02,36.8356,126554.6965
2025-12-02 22:25:00,3430.02,3430.41,3412.42,3413.79,30.1931,103317.7118
2025-12-02 22:30:00,3413.79,3415.07,3410.32,3411.06,42.9965,146722.2527
2025-12-02 22:35:00,3411.06,3419.57,3408.94,3412.65,52.1747,178012.4269
2025-12-02 22:40:00,3412.65,3425.25,3407.56,3422.48,47.7627,163232.1115
2025-12-02 22:45:00,3422.48,3424.74,3377.31,3383.17,45.8158,155903.1938
2025-12-02 22:50:00,3383.17,3386.65,3356.43,3363.4,39.1005,131896.9964
2025-12-02 22:55:00,3363.4,3366.57,3341.94,3343.55,33.233,111446.0887
2025-12-02 23:00:00,3343.55,3363.58,3335.67,3360.63,45.3093,151880.7058
2025-12-02 23:05:00,3360.63,3369.33,3354.97,3368.06,30.0825,101207.9095
2025-12-02 23:10:00,3368.06,3368.26,3353.87,3354.24,44.9031,150926.1079
2025-12-02 23:15:00,3354.24,3365.91,3352.65,3365.35,41.7136,140149.1976
2025-12-02 23:20:00,3365.35,3368.47,3362.13,3363.13,35.4801,119363.6193
2025-12-02 23:25:00,3363.13,3393.8,3360.17,3392.52,41.1936,139144.5858
2025-12-02 23:30:00,3392.52,3395.98,3388.55,3393.83,51.7231,175505.5322
2025-12-02 23:35:00,3393.83,3411.54,3393.81,3410.76,48.5943,165332.299
2025-12-02 23:40:00,3410.76,3425.85,3408.26,3424.8,51.6101,176392.0171
2025-12-02 23:45:00,3424.8,3434.17,3424.75,3433.45,51.2672,175801.6581
2025-12-02 23:50:00,3433.45,3445.31,3433.26,3442.78,42.0627,144616.4625
2025-12-02 23:55:00,3442.78,3450.98,3437.89,3441.6,33.6073,115682.6126
2025-12-03 00:00:00,3441.6,3451.5,3441.24,3447.29,32.9232,113402.1951
2025-12-03 00:05:00,3447.29,3452.28,3441.5,3450.4,34.3226,118373.3682
2025-12-03 00:10:00,3450.4,3464.17,3443.84,3457.95,33.918,117158.6296
2025-12-03 00:15:00,3457.95,3464.94,3457.63,3458.48,65.3371,225949.8154
2025-12-03 00:20:00,3458.48,3474.39,3453.29,3468.24,37.8652,131140.7343
2025-12-03 00:25:00,3468.24,3476.79,3444.62,3445.11,31.4564,108734.5075
2025-12-03 00:30:00,3445.11,3462.02,3444.11,3461.69,32.3385,111677.6941
2025-12-03 00:35:00,3461.69,3463.23,3452.56,3454.74,49.0971,169788.1468
2025-12-03 00:40:00,3454.74,3457.47,3442.44,3442.56,35.1849,121340.4534
2025-12-03 00:45:00,3442.56,3473.4,3441.84,3472.25,40.7232,140796.714
2025-12-03 00:50:00,3472.25,3485.99,3470.83,3485.94,30.0102,104408.2675
2025-12-03 00:55:00,3485.94,3495.62,3484.37,3493.61,30.0575,104893.8991
2025-12-03 01:00:00,3493.61,3496.52,3485.55,3494.92,30.5111,106613.8735
2025-12-03 01:05:00,3494.92,3510.65,3486.15,3508.63,50.7755,177804.4533
2025-12-03 01:10:00,3508.63,3512.72,3508.07,3509.69,30.2769,106246.539
2025-12-03 01:15:00,3509.69,3513.54,3502.28,3503.1,31.034,108817.2982
2025-12-03 01:20:00,3503.1,3506.77,3500.52,3501.36,38.9405,136378.5444
2025-12-03 01:25:00,3501.36,3501.62,3495.82,3496.34,50.0462,175104.3531
2025-12-03 01:30:00,3496.34,3521.93,3492.06,3519.95,38.1432,133811.9653
2025-12-03 01:35:00,3519.95,3529.39,3518.23,3525.86,43.7126,153995.5996
2025-12-03 01:40:00,3525.86,3533.9,3521.49,3531.26,39.5658,139610.1925
2025-12-03 01:45:00,3531.26,3542.83,3530.81,3535.9,40.7777,144091.3248
2025-12-03 01:50:00,3535.9,3558.18,3534.88,3556.89,51.0894,181183.2483
2025-12-03 01:55:00,3556.89,3562.84,3552.56,3560.14,33.6482,119737.4463
